{"cameraMode":{"drawMode":0,"name":"Shaded","section":"Shading Mode"},"sceneLighting":false,"audioPlay":false,"sceneViewState":{"showFog":true,"showMaterialUpdate":false,"showSkybox":false,"showFlares":true,"showImageEffects":true,"showParticleSystems":true},"in2DMode":false,"pivot":{"x":0.774583637714386,"y":-0.34289857745170596,"z":-0.07997658848762512},"rotation":{"x":0.0883781835436821,"y":0.011952698230743409,"z":-0.0010607021395117045,"w":0.9960158467292786},"size":1.8000173568725587,"orthographic":false}