{"cameraMode":{"drawMode":0,"name":"Shaded","section":"Shading Mode"},"sceneLighting":false,"audioPlay":false,"sceneViewState":{"m_AlwaysRefresh":false,"showFog":true,"showSkybox":false,"showFlares":true,"showImageEffects":true,"showParticleSystems":true,"showVisualEffectGraphs":true,"m_FxEnabled":true},"in2DMode":false,"pivot":{"x":2.9504687786102297,"y":1.1199893951416016,"z":1.2281126976013184},"rotation":{"x":0.002022425876930356,"y":0.9633556008338928,"z":-0.2681722044944763,"w":0.007223479449748993},"size":4.074778079986572,"orthographic":false}