{"cameraMode":{"drawMode":0,"name":"Shaded","section":"Shading Mode"},"sceneLighting":false,"audioPlay":false,"sceneViewState":{"m_AlwaysRefresh":false,"showFog":true,"showSkybox":false,"showFlares":true,"showImageEffects":true,"showParticleSystems":true,"showVisualEffectGraphs":true,"m_FxEnabled":true},"in2DMode":false,"pivot":{"x":-0.3714970350265503,"y":3.1495697498321535,"z":0.1327729970216751},"rotation":{"x":-0.0005213604890741408,"y":0.9989846348762512,"z":-0.04348304122686386,"w":-0.011988544836640358},"size":1.5248029232025147,"orthographic":true}