{"cameraMode":{"drawMode":0,"name":"Shaded","section":"Shading Mode"},"sceneLighting":false,"audioPlay":false,"sceneViewState":{"m_AlwaysRefresh":false,"showFog":true,"showSkybox":false,"showFlares":true,"showImageEffects":true,"showParticleSystems":true,"showVisualEffectGraphs":true,"m_FxEnabled":true},"in2DMode":false,"pivot":{"x":1.3546805381774903,"y":12.091196060180664,"z":17.462757110595704},"rotation":{"x":-0.19020386040210725,"y":0.0189833901822567,"z":-0.003617644775658846,"w":-0.9815961122512817},"size":9.957694053649903,"orthographic":true}