{"cameraMode":{"drawMode":0,"name":"Shaded","section":"Shading Mode"},"sceneLighting":false,"audioPlay":false,"sceneViewState":{"m_AlwaysRefresh":false,"showFog":true,"showSkybox":false,"showFlares":true,"showImageEffects":true,"showParticleSystems":true,"showVisualEffectGraphs":true,"m_FxEnabled":true},"in2DMode":false,"pivot":{"x":0.38178032636642458,"y":-0.18191802501678468,"z":-0.018058355897665025},"rotation":{"x":0.06772129982709885,"y":-0.4932171404361725,"z":0.03854469954967499,"w":0.8664350509643555},"size":1.3125909566879273,"orthographic":true}