{"cameraMode":{"drawMode":0,"name":"Shaded","section":"Shading Mode"},"sceneLighting":false,"audioPlay":false,"sceneViewState":{"showFog":true,"showMaterialUpdate":false,"showSkybox":false,"showFlares":true,"showImageEffects":true,"showParticleSystems":true},"in2DMode":false,"pivot":{"x":0.7661706209182739,"y":-0.4890202581882477,"z":0.37168025970458987},"rotation":{"x":0.20355936884880067,"y":-0.2856704592704773,"z":0.06223341077566147,"w":0.9343937039375305},"size":2.0660252571105959,"orthographic":false}